category,product_days,products,views,purchases,reduction_10pct_days,reduction_5pct_pct,reduction_10pct_pct
apparel.shoes,522,147,52157,226,238,47.51,45.59
electronics.smartphone,4199,654,2558730,85253,134,6.76,3.19
apparel.shoes.keds,362,90,40764,242,123,40.88,33.98
cid_2053013563173241677,494,95,58791,1589,69,26.32,13.97
electronics.clocks,1140,223,186959,3654,53,8.16,4.65
electronics.video.tv,935,157,221392,4931,27,6.1,2.89
computers.notebook,1192,232,213154,3485,27,5.12,2.27
electronics.tablet,413,74,56435,1299,27,10.17,6.54
appliances.environment.vacuum,902,176,160793,2816,26,4.43,2.88
appliances.kitchen.refrigerators,1233,240,170131,2636,26,5.84,2.11
cid_2053013556168753601,773,140,243440,2615,25,4.14,3.23
construction.tools.generator,151,35,16452,240,23,25.17,15.23
appliances.iron,183,42,21500,662,21,15.3,11.48
electronics.audio.headphone,573,104,202441,6867,20,9.42,3.49
cid_2053013554994348409,183,39,20567,167,19,10.93,10.38
appliances.kitchen.washer,753,139,174416,3627,18,6.51,2.39
cid_2053013558525952589,93,23,7265,65,18,19.35,19.35
cid_2053013553559896355,1574,390,264805,7657,17,1.4,1.08
accessories.bag,94,26,9367,83,16,18.09,17.02
appliances.personal.hair_cutter,64,17,5644,102,15,25.0,23.44
cid_2053013554524586339,122,21,15618,260,14,27.87,11.48
appliances.kitchen.oven,180,37,24608,454,14,11.67,7.78
electronics.telephone,292,61,34131,690,14,10.27,4.79
cid_2053013555355058573,131,26,17963,341,13,13.74,9.92
appliances.kitchen.blender,247,49,33370,590,13,11.74,5.26
cid_2053013558249128509,85,20,9943,156,13,23.53,15.29
appliances.kitchen.kettle,189,37,21998,453,12,10.05,6.35
auto.accessories.player,615,122,125652,1404,11,2.6,1.79
appliances.kitchen.microwave,184,34,29140,796,11,11.96,5.98
cid_2053013552385491165,207,40,25753,346,11,9.18,5.31
