d,views,carts,purchases,purchase_per_view_pct
2019-10-01,1206151,16658,19307,1.6007
2019-10-02,1152770,17268,19469,1.6889
2019-10-03,1087372,19323,19255,1.7708
2019-10-04,1344804,43826,27041,2.0108
2019-10-05,1270060,35493,23494,1.8498
2019-10-06,1262993,32145,22171,1.7554
2019-10-07,1159265,18052,21378,1.8441
2019-10-08,1323522,18442,23072,1.7432
2019-10-09,1301376,18432,22748,1.748
2019-10-10,1240347,18997,21993,1.7731
2019-10-11,1445162,21450,26224,1.8146
2019-10-12,1432321,20691,25373,1.7715
2019-10-13,1583572,24833,29561,1.8667
2019-10-14,1376274,44821,28405,2.0639
2019-10-15,1072454,40846,20789,1.9385
