category,episodes_10pct,products
apparel.shoes,81,81
electronics.smartphone,57,48
apparel.shoes.keds,39,39
cid_2053013563173241677,23,23
electronics.clocks,16,16
cid_2053013556168753601,12,12
appliances.environment.vacuum,10,10
appliances.kitchen.washer,10,10
electronics.audio.headphone,10,9
computers.notebook,9,8
appliances.iron,8,7
appliances.kitchen.refrigerators,8,8
electronics.video.tv,8,8
cid_2053013553559896355,8,8
appliances.kitchen.blender,7,6
electronics.tablet,7,7
construction.tools.generator,6,6
auto.accessories.player,6,6
appliances.kitchen.oven,6,6
cid_2053013554994348409,6,6
